Date,Predicted_Revenue
2026-01-01,11140.598
2026-01-02,7991.1206
2026-01-03,8222.837
2026-01-04,9141.434
2026-01-05,9595.51
2026-01-06,8838.409
2026-01-07,9570.279
2026-01-08,7630.8154
2026-01-09,8862.514
2026-01-10,9273.885
2026-01-11,9118.592
2026-01-12,9126.162
2026-01-13,8401.07
2026-01-14,8070.281
2026-01-15,8666.247
2026-01-16,8034.112
2026-01-17,9121.193
2026-01-18,9110.867
2026-01-19,8046.7217
2026-01-20,8926.653
2026-01-21,8508.889
2026-01-22,8630.821
2026-01-23,8647.376
2026-01-24,8883.721
2026-01-25,9344.04
2026-01-26,8447.175
2026-01-27,8660.39
2026-01-28,9522.35
2026-01-29,7722.473
2026-01-30,7851.976
